{
  "t0": 1780468494.6169832,
  "t_end": 1780468543.737994,
  "duration_sec": 49.12101078033447,
  "grid_points": 1473,
  "output_fps": 30.0,
  "accepted": 1473,
  "rejected_no_frame": 0,
  "rejected_spread": 0,
  "spread_ms_p50": 4.969,
  "spread_ms_p95": 9.698,
  "spread_ms_max": 22.291,
  "spread_ms_mean": 5.108,
  "accepted_duration_sec": 49.1
}
