{
  "t0": 1780469226.6393793,
  "t_end": 1780469252.6040592,
  "duration_sec": 25.964679956436157,
  "grid_points": 778,
  "output_fps": 30.0,
  "accepted": 778,
  "rejected_no_frame": 0,
  "rejected_spread": 0,
  "spread_ms_p50": 0.123,
  "spread_ms_p95": 8.118,
  "spread_ms_max": 23.985,
  "spread_ms_mean": 2.135,
  "accepted_duration_sec": 25.933333
}
