{
  "t0": 1780469128.8429174,
  "t_end": 1780469186.0338345,
  "duration_sec": 57.190917015075684,
  "grid_points": 1715,
  "output_fps": 30.0,
  "accepted": 1672,
  "rejected_no_frame": 43,
  "rejected_spread": 0,
  "spread_ms_p50": 5.564,
  "spread_ms_p95": 9.574,
  "spread_ms_max": 32.185,
  "spread_ms_mean": 5.13,
  "accepted_duration_sec": 57.166667
}
