{
  "t0": 1780489422.8923304,
  "t_end": 1780489442.9084973,
  "duration_sec": 20.016166925430298,
  "grid_points": 600,
  "output_fps": 30.0,
  "accepted": 600,
  "rejected_no_frame": 0,
  "rejected_spread": 0,
  "spread_ms_p50": 3.028,
  "spread_ms_p95": 9.064,
  "spread_ms_max": 17.066,
  "spread_ms_mean": 4.538,
  "accepted_duration_sec": 20.0
}
