{
  "t0": 1780468428.908365,
  "t_end": 1780468476.044626,
  "duration_sec": 47.136260986328125,
  "grid_points": 1414,
  "output_fps": 30.0,
  "accepted": 1414,
  "rejected_no_frame": 0,
  "rejected_spread": 0,
  "spread_ms_p50": 4.971,
  "spread_ms_p95": 11.274,
  "spread_ms_max": 22.31,
  "spread_ms_mean": 5.437,
  "accepted_duration_sec": 47.133333
}
